#,License Code,Client,Email,Status
1,COMP-YQW5-MWGW,Client 1,client1@example.com,Active
2,COMP-5ZBA-OS8N,Client 2,client2@example.com,Active
3,COMP-AJE7-PNV0,Client 3,client3@example.com,Active
4,COMP-DSZX-PDP8,Client 4,client4@example.com,Active
5,COMP-6VP5-DSI6,Client 5,client5@example.com,Active
6,COMP-JF3N-6XHZ,Client 6,client6@example.com,Active
7,COMP-02X0-D7P3,Client 7,client7@example.com,Active
8,COMP-SJ4Y-5OG2,Client 8,client8@example.com,Active
9,COMP-L5FY-TU3G,Client 9,client9@example.com,Active
10,COMP-98MM-ILWH,Client 10,client10@example.com,Active
11,COMP-R68A-EARX,Client 11,client11@example.com,Active
12,COMP-N0JQ-GX72,Client 12,client12@example.com,Active
13,COMP-0RNW-7V8V,Client 13,client13@example.com,Active
14,COMP-6KM2-HRG2,Client 14,client14@example.com,Active
15,COMP-70GU-JFEE,Client 15,client15@example.com,Active
16,COMP-R68R-WZFD,Client 16,client16@example.com,Active
17,COMP-WFMO-LZWY,Client 17,client17@example.com,Active
18,COMP-NXYS-499B,Client 18,client18@example.com,Active
19,COMP-BVYE-COVY,Client 19,client19@example.com,Active
20,COMP-843R-FJYE,Client 20,client20@example.com,Active
21,COMP-K4K2-EG80,Client 21,client21@example.com,Active
22,COMP-5UO9-WZPC,Client 22,client22@example.com,Active
23,COMP-WANN-RPD1,Client 23,client23@example.com,Active
24,COMP-9O5M-2S3J,Client 24,client24@example.com,Active
25,COMP-Q6T4-7QQ6,Client 25,client25@example.com,Active
26,COMP-BN3H-CRVA,Client 26,client26@example.com,Active
27,COMP-8D85-9AX9,Client 27,client27@example.com,Active
28,COMP-WROU-JZ6H,Client 28,client28@example.com,Active
29,COMP-RMTV-BPVU,Client 29,client29@example.com,Active
30,COMP-VWEK-MQMQ,Client 30,client30@example.com,Active
31,COMP-AH9G-RGYV,Client 31,client31@example.com,Active
32,COMP-6WL8-7N2N,Client 32,client32@example.com,Active
33,COMP-M486-ZBUO,Client 33,client33@example.com,Active
34,COMP-1NRD-URN4,Client 34,client34@example.com,Active
35,COMP-SI6S-V5MD,Client 35,client35@example.com,Active
36,COMP-XP74-DHSF,Client 36,client36@example.com,Active
37,COMP-DHTO-826A,Client 37,client37@example.com,Active
38,COMP-MY3C-PCTD,Client 38,client38@example.com,Active
39,COMP-FLBJ-I3L6,Client 39,client39@example.com,Active
40,COMP-0D9J-9POW,Client 40,client40@example.com,Active
41,COMP-K964-JCJO,Client 41,client41@example.com,Active
42,COMP-X05U-ITVI,Client 42,client42@example.com,Active
43,COMP-IMLP-9GY6,Client 43,client43@example.com,Active
44,COMP-2KMI-VOHA,Client 44,client44@example.com,Active
45,COMP-ALUE-IUII,Client 45,client45@example.com,Active
46,COMP-HESI-DJBB,Client 46,client46@example.com,Active
47,COMP-CKFR-717H,Client 47,client47@example.com,Active
48,COMP-CWHV-5G83,Client 48,client48@example.com,Active
49,COMP-76H9-E7XI,Client 49,client49@example.com,Active
50,COMP-UED6-6BC7,Client 50,client50@example.com,Active
51,COMP-T5VT-8NL1,Client 51,client51@example.com,Active
52,COMP-M5UF-2JA7,Client 52,client52@example.com,Active
53,COMP-W0Y2-1H19,Client 53,client53@example.com,Active
54,COMP-DMS6-QEZZ,Client 54,client54@example.com,Active
55,COMP-RPMT-PP5M,Client 55,client55@example.com,Active
56,COMP-HSKV-FBPZ,Client 56,client56@example.com,Active
57,COMP-NGLT-OU1E,Client 57,client57@example.com,Active
58,COMP-R4QD-988S,Client 58,client58@example.com,Active
59,COMP-30DX-E5W2,Client 59,client59@example.com,Active
60,COMP-2SOC-LLT0,Client 60,client60@example.com,Active
61,COMP-7PTQ-ZBF1,Client 61,client61@example.com,Active
62,COMP-K6WV-CP13,Client 62,client62@example.com,Active
63,COMP-74YR-THVM,Client 63,client63@example.com,Active
64,COMP-WDPJ-ULSQ,Client 64,client64@example.com,Active
65,COMP-SNZH-OVZK,Client 65,client65@example.com,Active
66,COMP-3OTD-7T7D,Client 66,client66@example.com,Active
67,COMP-TIHK-M84J,Client 67,client67@example.com,Active
68,COMP-O6J5-ZJW0,Client 68,client68@example.com,Active
69,COMP-44ZN-7UQ0,Client 69,client69@example.com,Active
70,COMP-36JX-25K6,Client 70,client70@example.com,Active
71,COMP-R6E5-EGHZ,Client 71,client71@example.com,Active
72,COMP-2I6Q-SP50,Client 72,client72@example.com,Active
73,COMP-ZIKQ-KBDR,Client 73,client73@example.com,Active
74,COMP-USE5-BYDZ,Client 74,client74@example.com,Active
75,COMP-VIKD-15OS,Client 75,client75@example.com,Active
76,COMP-TI6K-GLQ9,Client 76,client76@example.com,Active
77,COMP-U9Z0-NH52,Client 77,client77@example.com,Active
78,COMP-XBSX-U5KE,Client 78,client78@example.com,Active
79,COMP-X9C9-EX2E,Client 79,client79@example.com,Active
80,COMP-5WV6-CZWR,Client 80,client80@example.com,Active
81,COMP-AKSU-NJ0H,Client 81,client81@example.com,Active
82,COMP-9HRG-XXFO,Client 82,client82@example.com,Active
83,COMP-BO7X-SP4J,Client 83,client83@example.com,Active
84,COMP-SPFY-QDNP,Client 84,client84@example.com,Active
85,COMP-SOLW-MTWV,Client 85,client85@example.com,Active
86,COMP-123S-OS0O,Client 86,client86@example.com,Active
87,COMP-WN1Z-9X6N,Client 87,client87@example.com,Active
88,COMP-Y5BD-J6B2,Client 88,client88@example.com,Active
89,COMP-PW4J-WN5O,Client 89,client89@example.com,Active
90,COMP-PWKJ-MYES,Client 90,client90@example.com,Active
91,COMP-F754-77PD,Client 91,client91@example.com,Active
92,COMP-K08B-ICU2,Client 92,client92@example.com,Active
93,COMP-UUKD-0XPA,Client 93,client93@example.com,Active
94,COMP-W95M-YZ9I,Client 94,client94@example.com,Active
95,COMP-WNGE-E3OV,Client 95,client95@example.com,Active
96,COMP-Z10P-JTRA,Client 96,client96@example.com,Active
97,COMP-0FKA-BKKZ,Client 97,client97@example.com,Active
98,COMP-8834-FY9G,Client 98,client98@example.com,Active
99,COMP-32XU-WQAN,Client 99,client99@example.com,Active
100,COMP-5YG5-MZZY,Client 100,client100@example.com,Active
101,COMP-L0SH-4ZU6,Client 101,client101@example.com,Active
102,COMP-64J8-CAKK,Client 102,client102@example.com,Active
103,COMP-FVTG-3601,Client 103,client103@example.com,Active
104,COMP-AL65-HQ7S,Client 104,client104@example.com,Active
105,COMP-X7RX-SGLH,Client 105,client105@example.com,Active
106,COMP-794E-7D8W,Client 106,client106@example.com,Active
107,COMP-404N-P09V,Client 107,client107@example.com,Active
108,COMP-9X0T-WWY8,Client 108,client108@example.com,Active
109,COMP-FFZO-DYYO,Client 109,client109@example.com,Active
110,COMP-FB0S-UUD6,Client 110,client110@example.com,Active
111,COMP-6WK4-91LH,Client 111,client111@example.com,Active
112,COMP-L50C-1LSS,Client 112,client112@example.com,Active
113,COMP-ZAJA-QQJA,Client 113,client113@example.com,Active
114,COMP-TXBT-VBF4,Client 114,client114@example.com,Active
115,COMP-GOWF-P2TN,Client 115,client115@example.com,Active
116,COMP-OYXZ-O2QX,Client 116,client116@example.com,Active
117,COMP-IT6K-VRCX,Client 117,client117@example.com,Active
118,COMP-FDRM-QNK7,Client 118,client118@example.com,Active
119,COMP-MQN0-K910,Client 119,client119@example.com,Active
120,COMP-QQU4-YEYE,Client 120,client120@example.com,Active
121,COMP-U0E8-3QY9,Client 121,client121@example.com,Active
122,COMP-HJ09-0KB8,Client 122,client122@example.com,Active
123,COMP-F0TC-CZSE,Client 123,client123@example.com,Active
124,COMP-L6QF-751V,Client 124,client124@example.com,Active
125,COMP-2EOU-W0S8,Client 125,client125@example.com,Active
126,COMP-44X4-IJTB,Client 126,client126@example.com,Active
127,COMP-NB3Y-LYLO,Client 127,client127@example.com,Active
128,COMP-Z3IZ-CFZL,Client 128,client128@example.com,Active
129,COMP-KYYL-UXIW,Client 129,client129@example.com,Active
130,COMP-VXYB-HTGX,Client 130,client130@example.com,Active
131,COMP-3P3P-1SFZ,Client 131,client131@example.com,Active
132,COMP-X9CX-9E3A,Client 132,client132@example.com,Active
133,COMP-MB97-1OLD,Client 133,client133@example.com,Active
134,COMP-O0RV-SKHN,Client 134,client134@example.com,Active
135,COMP-3CWU-OIEQ,Client 135,client135@example.com,Active
136,COMP-7SF8-09LV,Client 136,client136@example.com,Active
137,COMP-91WM-EF6S,Client 137,client137@example.com,Active
138,COMP-QWZ4-B3WI,Client 138,client138@example.com,Active
139,COMP-PZLV-ETA9,Client 139,client139@example.com,Active
140,COMP-RKXK-UMUV,Client 140,client140@example.com,Active
141,COMP-PGP3-BVK9,Client 141,client141@example.com,Active
142,COMP-HZJP-350N,Client 142,client142@example.com,Active
143,COMP-RH1D-AHVH,Client 143,client143@example.com,Active
144,COMP-YVB6-546G,Client 144,client144@example.com,Active
145,COMP-PZUE-1Q2J,Client 145,client145@example.com,Active
146,COMP-AL5Q-FGKZ,Client 146,client146@example.com,Active
147,COMP-OC5Z-1UAM,Client 147,client147@example.com,Active
148,COMP-E3FZ-1TMI,Client 148,client148@example.com,Active
149,COMP-SKMX-A94W,Client 149,client149@example.com,Active
150,COMP-VW9X-2I2W,Client 150,client150@example.com,Active
151,COMP-QNBC-WMT1,Client 151,client151@example.com,Active
152,COMP-IYT0-GJ1N,Client 152,client152@example.com,Active
153,COMP-LBX8-08UZ,Client 153,client153@example.com,Active
154,COMP-6SPH-93NQ,Client 154,client154@example.com,Active
155,COMP-83P9-U4PT,Client 155,client155@example.com,Active
156,COMP-93AF-ER6P,Client 156,client156@example.com,Active
157,COMP-HLS4-UOWE,Client 157,client157@example.com,Active
158,COMP-S6VW-TA53,Client 158,client158@example.com,Active
159,COMP-T9U0-7MBF,Client 159,client159@example.com,Active
160,COMP-MRX1-SI5Z,Client 160,client160@example.com,Active
161,COMP-HZ29-IAZK,Client 161,client161@example.com,Active
162,COMP-TOU2-2PGZ,Client 162,client162@example.com,Active
163,COMP-BKW6-JG0J,Client 163,client163@example.com,Active
164,COMP-0KZC-M5HH,Client 164,client164@example.com,Active
165,COMP-BV0W-ZSIB,Client 165,client165@example.com,Active
166,COMP-BD7R-QT66,Client 166,client166@example.com,Active
167,COMP-FYZA-3Z5L,Client 167,client167@example.com,Active
168,COMP-CQT0-IX6Q,Client 168,client168@example.com,Active
169,COMP-AYE4-PC8I,Client 169,client169@example.com,Active
170,COMP-19PL-UU63,Client 170,client170@example.com,Active
171,COMP-Y6PN-MFOJ,Client 171,client171@example.com,Active
172,COMP-WI2Z-4FXM,Client 172,client172@example.com,Active
173,COMP-H6MZ-QWUI,Client 173,client173@example.com,Active
174,COMP-Q4O1-N204,Client 174,client174@example.com,Active
175,COMP-QY24-OWTK,Client 175,client175@example.com,Active
176,COMP-MSM5-V1NV,Client 176,client176@example.com,Active
177,COMP-94DS-T5W2,Client 177,client177@example.com,Active
178,COMP-E3WJ-58U8,Client 178,client178@example.com,Active
179,COMP-D4MC-T525,Client 179,client179@example.com,Active
180,COMP-FQFL-ID2D,Client 180,client180@example.com,Active
181,COMP-A9Y4-S2YU,Client 181,client181@example.com,Active
182,COMP-7WUZ-4JKF,Client 182,client182@example.com,Active
183,COMP-H8RA-4CFU,Client 183,client183@example.com,Active
184,COMP-1E0Z-U3G5,Client 184,client184@example.com,Active
185,COMP-4OFZ-JBSX,Client 185,client185@example.com,Active
186,COMP-OD7D-T3I5,Client 186,client186@example.com,Active
187,COMP-L3XQ-2SB2,Client 187,client187@example.com,Active
188,COMP-BZPD-642Z,Client 188,client188@example.com,Active
189,COMP-V1CY-2Q1L,Client 189,client189@example.com,Active
190,COMP-KI8W-FR4R,Client 190,client190@example.com,Active
191,COMP-U3FW-8O09,Client 191,client191@example.com,Active
192,COMP-G23R-LU6R,Client 192,client192@example.com,Active
193,COMP-3HAG-OJ3G,Client 193,client193@example.com,Active
194,COMP-TL5F-84UA,Client 194,client194@example.com,Active
195,COMP-482O-VIGW,Client 195,client195@example.com,Active
196,COMP-946A-JW13,Client 196,client196@example.com,Active
197,COMP-LLVS-MSFF,Client 197,client197@example.com,Active
198,COMP-6AX8-OBCZ,Client 198,client198@example.com,Active
199,COMP-O71L-Z7ZX,Client 199,client199@example.com,Active
200,COMP-6EKY-VEVJ,Client 200,client200@example.com,Active
